VMA number,Title on xls,Fixed Mean,Fixed High,Fixed Low
1,Current Adoption,1.645,1.67,1.62
2,CONVENTIONAL First Cost per Implementation Unit,1890060000.0,2159129683.1677613,1620990316.8322387
3,SOLUTION First Cost per Implementation Unit,2510659428.571429,3839577390.722469,1181741466.4203887
6,CONVENTIONAL Average Annual Use,1.0,1.0,1.0
7,SOLUTION Average Annual Use,1.0,1.0,1.0
17,CONVENTIONAL Direct Emissions per Functional Unit,2449285.714285714,3102797.8115145946,1795773.6170568336
18,SOLUTION Direct Emissions per Functional Unit,1383812.5960061445,3360449.5913794423,-592824.3993671534
25,Life cycle difference in GHG per kg of polymer for biopolymers compared to traditional polymers (kg CO2 eq/kg),-1795555.5555555555,-626889.5438509367,-2964221.567260174
26,Feedstock:MMT Bioplastic Constraint,452.5,636.0926196773715,268.90738032262846
