VMA number,Title on xls,Fixed Mean,Fixed High,Fixed Low
1,Current Adoption,416.0,416.0,416.0
13,t CO2-eq (Aggregate emissions) Reduced per Land Unit,313.79112686765546,454.5133360661529,173.06891766915803
19,Sequestration Rates,0.41883186313819837,0.6190637679203692,0.21859995835602747
20,Growth Rate of Land Degradation,0.003074,0.003074,0.003074
21,Disturbance Rate,0.0004894500000000001,0.0009221817269394516,5.67182730605486e-05
22,t C storage in Protected Landtype,177.3,294.3803570202961,60.219642979703906
