VMA number,Title on xls,Fixed Mean,Fixed High,Fixed Low
3,SOLUTION First Cost per Implementation Unit,1996.7133281834824,4348.655438403677,-355.2287820367126
4,CONVENTIONAL Operating Cost per Functional Unit per Annum,328.4158577699379,684.5834152532939,-27.751699713418134
5,SOLUTION Operating Cost per Functional Unit per Annum,368.8248405032644,727.0975270175563,10.552153988972407
6,CONVENTIONAL Net Profit Margin per Functional Unit per Annum,143.54391845443618,231.31902469904455,55.768812209827814
7,SOLUTION Net Profit Margin per Functional Unit per Annum,1885.363585495476,3218.078209136194,552.648961854758
8,Yield from CONVENTIONAL Practice,3.4285714285714284,5.085344786391886,1.771798070750971
21,Sequestration Rates,7.036842105263157,11.14039775555831,2.9332864549680053
