VMA number,Title on xls,Fixed Mean,Fixed High,Fixed Low
3,SOLUTION First Cost per Implementation Unit,612.3704109062288,884.6214088792835,340.1194129331741
5,SOLUTION Operating Cost per Functional Unit per Annum,24.48333333333333,31.058593603394716,17.908073063271946
7,SOLUTION Net Profit Margin per Functional Unit per Annum,314.0214285714286,518.4423421247125,109.60051501814468
21,Sequestration Rates,5.074375530059678,9.415296355623003,0.733454704496352
22,Sequestered Carbon NOT Emitted after Cyclical Harvesting/Clearing,50.69624494485297,81.72286762856098,19.66962226114496
24,Rotational length (years),23.956521739130434,43.07736913910216,4.835674339158704
25,Carbon content in biomass (%),0.49006250000000007,0.5134911650014464,0.46663383499855365
