VMA number,Title on xls,Fixed Mean,Fixed High,Fixed Low
1,Current Adoption,29.608806752190418,29.608806752190418,29.608806752190418
4,CONVENTIONAL Lifetime Capacity,1.0,1.0,1.0
5,SOLUTION Lifetime Capacity,1.0,1.0,1.0
6,CONVENTIONAL Average Annual Use,1.0,1.0,1.0
7,SOLUTION Average Annual Use,1.0,1.0,1.0
9,SOLUTION Variable Operating Cost (VOM) per Functional Unit,24811448.345859032,24811448.345859032,24811448.345859032
14,SOLUTION Total Energy Used per Functional Unit,0.0027288888888888888,0.005349454749938515,0.00010832302783926259
17,CONVENTIONAL Direct Emissions per Functional Unit,2326086.9565217393,2326086.9565217393,2326086.9565217393
