VMA number,Title on xls,Fixed Mean,Fixed High,Fixed Low
1,Current Adoption,9.619693000000002,28.206189981061843,-8.96680398106184
3,SOLUTION First Cost per Implementation Unit,446.8233523809524,996.9017421061048,-103.25503734420016
5,SOLUTION Operating Cost per Functional Unit per Annum,376.8545903911566,826.4225919461624,-72.71341116384917
7,SOLUTION Net Profit Margin per Functional Unit per Annum,960.7200000000001,1911.3973359093845,10.042664090615744
21,Sequestration Rates,1.3252666666666666,2.5147492133603495,0.13578411997298367
24,Yield from restored abandoned farmlands,3308.8888888888887,5224.070600281915,1393.7071774958624
