VMA number,Title on xls,Fixed Mean,Fixed High,Fixed Low
3,SOLUTION First Cost per Implementation Unit,871.1224266021122,1596.7234655886057,145.52138761561878
5,SOLUTION Operating Cost per Functional Unit per Annum,332.38221834215676,542.8666687573416,121.89776792697194
7,SOLUTION Net Profit Margin per Functional Unit per Annum,966.9608750870937,1400.3531683172637,533.5685818569236
21,Sequestration Rates,31.474916666666655,53.26337544632926,9.68645788700405
