VMA number,Title on xls,Fixed Mean,Fixed High,Fixed Low
3,SOLUTION First Cost per Implementation Unit,1887.2936363636366,2897.050179355089,877.5370933721844
4,CONVENTIONAL Operating Cost per Functional Unit per Annum,328.4158577699379,684.5834152532939,-27.751699713418134
5,SOLUTION Operating Cost per Functional Unit per Annum,2570.4732035139614,4544.211838972797,596.7345680551266
6,CONVENTIONAL Net Profit Margin per Functional Unit per Annum,143.54391845443618,231.31902469904455,55.768812209827814
7,SOLUTION Net Profit Margin per Functional Unit per Annum,1919.4831568815048,3711.139035701808,127.82727806120147
8,Yield from CONVENTIONAL Practice,3.4285714285714284,5.085344786391886,1.771798070750971
21,Sequestration Rates,4.753846153846154,7.204470998692364,2.3032213089999436
24,Yield of Annual Staple Crops,2.542239019046343,3.9884625323310314,1.0960155057616547
25,Yield of Perennial Staple Crops,4.080713960327801,7.92739143542763,0.23403648522797127
