VMA number,Title on xls,Fixed Mean,Fixed High,Fixed Low
1,Current Adoption,162.03,162.03,162.03
3,SOLUTION First Cost per Implementation Unit,716.2520000000002,1239.7773669651547,192.72663303484558
4,CONVENTIONAL Operating Cost per Functional Unit per Annum,895.1431797257135,1314.6131659161201,475.6731935353068
5,SOLUTION Operating Cost per Functional Unit per Annum,977.26681608935,1052.4668483998757,902.0667837788241
6,CONVENTIONAL Net Profit Margin per Functional Unit per Annum,492.812900674218,756.5772367053148,229.0485646431211
7,SOLUTION Net Profit Margin per Functional Unit per Annum,504.0888118508588,512.1856471365677,495.9919765651499
8,Yield from CONVENTIONAL Practice,4966.875899309569,7568.2259603121,2365.525838307038
9,Yield Gain (% Increase from CONVENTIONAL to SOLUTION),0.02288071428571429,0.03931055058795319,0.006450877983475385
21,Sequestration Rates,2.0288620689655175,3.7324790269686123,0.3252451109624226
