{
	"Average Scenario": {		
		"description": "Average of All Custom Scenarios",	
		"regions": ["World"],	
		"time_periods": [2012, 2013, 2014, 2015, 2016, 2017, 2018, 2019, 2020, 2021, 2022, 2023, 2024, 2025, 2026, 2027, 2028, 2029, 2030, 2031, 2032, 2033, 2034, 2035, 2036, 2037, 2038, 2039, 2040, 2041, 2042, 2043, 2044, 2045, 2046, 2047, 2048, 2049, 2050, 2051, 2052, 2053, 2054, 2055, 2056, 2057, 2058, 2059, 2060],	
		"data": [	
			[0.146879058603491],
			[0.167473509975062],
			[0.167798266832918],
			[0.180566259351621],
			[0.187407236832162],
			[0.187407236832162],
			[0.187407236832162],
			[0.599967263083632],
			[1.01252728933512],
			[1.42508731558663],
			[1.83764734183813],
			[2.2502073680896],
			[2.66276739434111],
			[3.07532742059262],
			[3.4878874468441],
			[3.90044747309558],
			[4.31300749934709],
			[4.72556752559858],
			[5.13812755185007],
			[5.55068757810155],
			[5.96324760435308],
			[6.37580763060455],
			[6.78836765685605],
			[7.20092768310753],
			[7.61348770935905],
			[8.02604773561049],
			[8.43860776186197],
			[8.85116778811348],
			[9.26372781436498],
			[9.67628784061646],
			[10.0888478668679],
			[10.5014078931195],
			[10.913967919371],
			[11.3265279456224],
			[11.7390879718739],
			[12.1516479981254],
			[12.5642080243769],
			[12.9767680506284],
			[13.3893280768799],
			[13.8018881031314],
			[14.2144481293829],
			[14.6270081556344],
			[15.0395681818859],
			[15.4521282081374],
			[15.8646882343889],
			[16.2772482606404],
			[16.6898082868919],
			[17.1023683131434],
			[17.5149283393948]
		]	
	},
	"High Scenario": {		
		"description": "High of All Custom Scenarios",	
		"regions": ["World"],	
		"time_periods": [2012, 2013, 2014, 2015, 2016, 2017, 2018, 2019, 2020, 2021, 2022, 2023, 2024, 2025, 2026, 2027, 2028, 2029, 2030, 2031, 2032, 2033, 2034, 2035, 2036, 2037, 2038, 2039, 2040, 2041, 2042, 2043, 2044, 2045, 2046, 2047, 2048, 2049, 2050, 2051, 2052, 2053, 2054, 2055, 2056, 2057, 2058, 2059, 2060],	
		"data": [	
			[0.146879058603491],
			[0.167473509975062],
			[0.167798266832918],
			[0.180566259351621],
			[0.187407236832162],
			[0.187407236832162],
			[0.187407236832162],
			[0.967328433232274],
			[1.74724962963242],
			[2.52717082603261],
			[3.30709202243278],
			[4.08701321883291],
			[4.86693441523311],
			[5.64685561163329],
			[6.42677680803342],
			[7.20669800443355],
			[7.98661920083375],
			[8.76654039723392],
			[9.54646159363406],
			[10.3263827900342],
			[11.1063039864344],
			[11.8862251828346],
			[12.6661463792347],
			[13.4460675756348],
			[14.2259887720351],
			[15.0059099684351],
			[15.7858311648352],
			[16.5657523612354],
			[17.3456735576356],
			[18.1255947540357],
			[18.9055159504358],
			[19.6854371468361],
			[20.4653583432362],
			[21.2452795396363],
			[22.0252007360365],
			[22.8051219324367],
			[23.5850431288369],
			[24.3649643252371],
			[25.1448855216372],
			[25.9248067180374],
			[26.7047279144375],
			[27.4846491108376],
			[28.2645703072379],
			[29.0444915036379],
			[29.8244127000381],
			[30.6043338964384],
			[31.3842550928384],
			[32.1641762892386],
			[32.9440974856387]
		]	
	},		
	"Scenario 1": {		
		"description": "Adoption Scenario 1, based on Indonesian growth rate",	
		"regions": ["World"],	
		"time_periods": [2012, 2013, 2014, 2015, 2016, 2017, 2018, 2019, 2020, 2021, 2022, 2023, 2024, 2025, 2026, 2027, 2028, 2029, 2030, 2031, 2032, 2033, 2034, 2035, 2036, 2037, 2038, 2039, 2040, 2041, 2042, 2043, 2044, 2045, 2046, 2047, 2048, 2049, 2050, 2051, 2052, 2053, 2054, 2055, 2056, 2057, 2058, 2059, 2060],	
		"data": [	
			[0.146879058603491],
			[0.167473509975062],
			[0.167798266832918],
			[0.180566259351621],
			[0.187407236832162],
			[0.187407236832162],
			[0.187407236832162],
			[0.303684796584008],
			[0.419962356335873],
			[0.536239916087737],
			[0.652517475839602],
			[0.768795035591467],
			[0.885072595343303],
			[1.00135015509517],
			[1.11762771484703],
			[1.2339052745989],
			[1.35018283435076],
			[1.46646039410263],
			[1.58273795385449],
			[1.69901551360633],
			[1.81529307335819],
			[1.93157063311006],
			[2.04784819286192],
			[2.16412575261378],
			[2.28040331236565],
			[2.39668087211751],
			[2.51295843186935],
			[2.62923599162121],
			[2.74551355137308],
			[2.86179111112494],
			[2.97806867087681],
			[3.09434623062867],
			[3.21062379038054],
			[3.32690135013237],
			[3.44317890988424],
			[3.5594564696361],
			[3.67573402938797],
			[3.79201158913983],
			[3.9082891488917],
			[4.02456670864356],
			[4.1408442683954],
			[4.25712182814726],
			[4.37339938789913],
			[4.48967694765099],
			[4.60595450740286],
			[4.72223206715472],
			[4.83850962690659],
			[4.95478718665842],
			[5.07106474641029]
		]	
	},		
	"Scenario 2": {		
		"description": "Adoption Scenario 2 based on Chinese growth rate ",	
		"regions": ["World"],	
		"time_periods": [2012, 2013, 2014, 2015, 2016, 2017, 2018, 2019, 2020, 2021, 2022, 2023, 2024, 2025, 2026, 2027, 2028, 2029, 2030, 2031, 2032, 2033, 2034, 2035, 2036, 2037, 2038, 2039, 2040, 2041, 2042, 2043, 2044, 2045, 2046, 2047, 2048, 2049, 2050, 2051, 2052, 2053, 2054, 2055, 2056, 2057, 2058, 2059, 2060],	
		"data": [	
			[0.146879058603491],
			[0.167473509975062],
			[0.167798266832918],
			[0.180566259351621],
			[0.187407236832162],
			[0.187407236832162],
			[0.187407236832162],
			[0.19828664132416],
			[0.209166045816154],
			[0.220045450308149],
			[0.230924854800147],
			[0.241804259292142],
			[0.252683663784136],
			[0.263563068276135],
			[0.274442472768129],
			[0.285321877260124],
			[0.296201281752118],
			[0.307080686244117],
			[0.317960090736111],
			[0.328839495228106],
			[0.339718899720104],
			[0.350598304212099],
			[0.361477708704093],
			[0.372357113196088],
			[0.383236517688086],
			[0.394115922180081],
			[0.404995326672076],
			[0.41587473116407],
			[0.426754135656068],
			[0.437633540148063],
			[0.448512944640058],
			[0.459392349132056],
			[0.470271753624051],
			[0.481151158116045],
			[0.49203056260804],
			[0.502909967100038],
			[0.513789371592033],
			[0.524668776084027],
			[0.535548180576026],
			[0.54642758506802],
			[0.557306989560015],
			[0.56818639405201],
			[0.579065798544008],
			[0.589945203036002],
			[0.600824607527997],
			[0.611704012019995],
			[0.62258341651199],
			[0.633462821003985],
			[0.644342225495979]
		]	
	},		
	"Scenario 3": {		
		"description": "Adoption Scenario 3 based on Global growth rate",	
		"regions": ["World"],	
		"time_periods": [2012, 2013, 2014, 2015, 2016, 2017, 2018, 2019, 2020, 2021, 2022, 2023, 2024, 2025, 2026, 2027, 2028, 2029, 2030, 2031, 2032, 2033, 2034, 2035, 2036, 2037, 2038, 2039, 2040, 2041, 2042, 2043, 2044, 2045, 2046, 2047, 2048, 2049, 2050, 2051, 2052, 2053, 2054, 2055, 2056, 2057, 2058, 2059, 2060],	
		"data": [	
			[0.146879058603491],
			[0.167473509975062],
			[0.167798266832918],
			[0.180566259351621],
			[0.187407236832162],
			[0.187407236832162],
			[0.187407236832162],
			[0.21474912678746],
			[0.242091016742769],
			[0.269432906698079],
			[0.296774796653388],
			[0.32411668660869],
			[0.351458576563999],
			[0.378800466519309],
			[0.406142356474611],
			[0.43348424642992],
			[0.460826136385229],
			[0.488168026340531],
			[0.515509916295841],
			[0.54285180625115],
			[0.570193696206452],
			[0.597535586161762],
			[0.624877476117071],
			[0.652219366072373],
			[0.679561256027682],
			[0.706903145982992],
			[0.734245035938294],
			[0.761586925893603],
			[0.788928815848912],
			[0.816270705804214],
			[0.843612595759524],
			[0.870954485714833],
			[0.898296375670135],
			[0.925638265625444],
			[0.952980155580754],
			[0.980322045536056],
			[1.00766393549137],
			[1.03500582544667],
			[1.06234771540198],
			[1.08968960535729],
			[1.1170314953126],
			[1.1443733852679],
			[1.17171527522321],
			[1.19905716517852],
			[1.22639905513382],
			[1.25374094508913],
			[1.28108283504444],
			[1.30842472499974],
			[1.33576661495505]
		]	
	},