,Current adoption %,Current adoption Mha,% new allocation,Total % allocated,New Mha in Solution
Forest Protection,0.0,0.0,0.0,0.0,0.0
IP Forest Management,0.0,0.0,0.0,0.0,0.0
Peatland Protection,0.0,0.0,0.0,0.0,0.0
Wetland Protection,0.0,0.0,0.0,0.0,0.0
Managed Grazing,0.0,0.0,0.0,0.0,0.0
Silvopasture,0.0,0.0,0.0,0.0,0.0
Conservation Agriculture,0.07436134009784863,4.060129169342535,0.5080660457942675,0.5824273858921162,27.740406100367007
Regenerative Agriculture,0.045269709543568466,2.4717261410788383,0.5364576763485478,0.5817273858921163,29.29058912863071
Improved Rice,0.002957528526970954,0.16148105757261408,0.11839842879371665,0.1213559573206876,6.464554212136929
SRI,0.0036175031120331954,0.19751566991701247,0.05921367649673978,0.06283117960877298,3.2330667367219923
Tropical Forest Restoration,0.0,0.0,0.0,0.0,0.0
Temperate Forest Restoration,0.0,0.0,0.0,0.0,0.0
Afforestation,0.0,0.0,0.0,0.0,0.0
Bamboo,0.0,0.0,0.0,0.0,0.0
Mulitstrata Agroforestry,0.05042814661134163,2.7533768049792533,0.0,0.05042814661134163,0.0
Perennial Bioenergy Crops,0.0,0.0,0.0,0.0,0.0
Tropical Tree Staples,0.06843153861097612,3.736362008159296,0.0,0.06843153861097612,0.0
Biochar,0.0,0.0,0.0,0.0,0.0
Irrigation Efficiency,0.0,0.0,0.0,0.0,0.0
Nutrient Management,0.04866553418487849,2.6571381664943656,0.9135180195907284,0.9621835537756069,49.87808386965377
Smallholder Intensification,0.005940257976917855,0.3243380855397149,0.03358763451122478,0.03952789248814264,1.8338848443128732
Tree Intercropping,0.11448005893909627,6.250611218074656,0.0,0.11448005893909627,0.0
Grassland Protection,0.0,0.0,0.0,0.0,0.0
Farmland Restoration,0.0,0.0,0.0,0.0,0.0
Inaccessible,0.0,0.0,0.0,0.0,0.0
